[{
    "type":"暖通空调",
    "classes":1,
    "name": "暖通空调",
    "children":[
        {
            "type":"风系统设备",
            "name":"风系统设备",
            "children": [
                {
                    "width":220,
                    "height":190,
                    "classes": 1,
                    "type":"风阀-垂直管段-关闭",
                    "name":"风阀-垂直管段-关闭",
                    "imUrl":"/static/img/svg/nuantongkongtiao/fengxitongshebei/fengfa-hor-0.svg"
                },{
                    "width":220,
                    "height":190,
                    "classes": 1,
                    "type":"风阀-垂直管段-25%",
                    "name":"风阀-垂直管段-25%",
                    "imUrl":"/static/img/svg/nuantongkongtiao/fengxitongshebei/fengfa-hor-25.svg"
                },{
                    "width":190,
                    "height":270,
                    "classes": 1,
                    "type":"风阀-垂直管段-50%",
                    "name":"风阀-垂直管段-50%",
                    "imUrl":"/static/img/svg/nuantongkongtiao/fengxitongshebei/fengfa-hor-50.svg"
                },{
                    "width":220,
                    "height":190,
                    "classes": 1,
                    "type":"风阀-垂直管段-75%",
                    "name":"风阀-垂直管段-75%",
                    "imUrl":"/static/img/svg/nuantongkongtiao/fengxitongshebei/fengfa-hor-75.svg"
                },{
                    "width":220,
                    "height":190,
                    "classes": 1,
                    "type":"风阀-垂直管段-100%",
                    "name":"风阀-垂直管段-100%",
                    "imUrl":"/static/img/svg/nuantongkongtiao/fengxitongshebei/fengfa-hor-100.svg"
                },{
                    "width":220,
                    "height":190,
                    "classes": 1,
                    "type":"风阀-水平管段-关闭",
                    "name":"风阀-水平管段-关闭",
                    "imUrl":"/static/img/svg/nuantongkongtiao/fengxitongshebei/fengfa-ver-0.svg"
                },{
                    "width":220,
                    "height":190,
                    "classes": 1,
                    "type":"风阀-水平管段-25%",
                    "name":"风阀-水平管段-25%",
                    "imUrl":"/static/img/svg/nuantongkongtiao/fengxitongshebei/fengfa-ver-25.svg"
                },{
                    "width":220,
                    "height":190,
                    "classes": 1,
                    "type":"风阀-水平管段-50%",
                    "name":"风阀-水平管段-50%",
                    "imUrl":"/static/img/svg/nuantongkongtiao/fengxitongshebei/fengfa-ver-50.svg"
                },{
                    "width":220,
                    "height":190,
                    "classes": 1,
                    "type":"风阀-水平管段-75%",
                    "name":"风阀-水平管段-75%",
                    "imUrl":"/static/img/svg/nuantongkongtiao/fengxitongshebei/fengfa-ver-75.svg"
                },{
                    "width":220,
                    "height":190,
                    "classes": 1,
                    "type":"风阀-水平管段-100%",
                    "name":"风阀-水平管段-100%",
                    "imUrl":"/static/img/svg/nuantongkongtiao/fengxitongshebei/fengfa-ver-100.svg"
                },{
                    "width":220,
                    "height":190,
                    "classes": 1,
                    "type":"风机-水平开口朝下",
                    "name":"风机-水平开口朝下",
                    "imUrl":"./static/img/svg/nuantongkongtiaogif/fengji-down.gif"
                },{
                    "width":220,
                    "height":190,
                    "classes": 1,
                    "type":"风机-水平开口朝上",
                    "name":"风机-水平开口朝上",
                    "imUrl":"/static/img/svg/nuantongkongtiaogif/fengji-up.gif"
                },{
                    "width":220,
                    "height":190,
                    "classes": 1,
                    "type":"风机-轴向水平",
                    "name":"风机-轴向水平",
                    "imUrl":"/static/img/svg/nuantongkongtiaogif/phzfj.gif"
                },{
                    "width":220,
                    "height":190,
                    "classes": 1,
                    "type":"风机-水平开口朝左",
                    "name":"风机-水平开口朝左",
                    "imUrl":"/static/img/svg/nuantongkongtiaogif/fengji-left.gif"
                },{
                    "width":220,
                    "height":190,
                    "classes": 1,
                    "type":"风机-水平开口朝右",
                    "name":"风机-水平开口朝右",
                    "imUrl":"/static/img/svg/nuantongkongtiaogif/fengji-right.gif"
                },{
                    "width":220,
                    "height":190,
                    "classes": 1,
                    "type":"风机-轴向垂直",
                    "name":"风机-轴向垂直",
                    "imUrl":"/static/img/svg/nuantongkongtiaogif/szphfj.gif"
                },{
                    "width":220,
                    "height":190,
                    "classes": 1,
                    "type":"加湿器-关",
                    "name":"加湿器-关",
                    "imUrl":"/static/img/svg/nuantongkongtiao/fengxitongshebei/jiashiqi-close.svg"
                },{
                    "width":220,
                    "height":190,
                    "classes": 1,
                    "type":"加湿器-开",
                    "name":"加湿器-开",
                    "imUrl":"/static/img/svg/nuantongkongtiao/fengxitongshebei/jiashiqi-open.svg"
                },{
                    "width":220,
                    "height":190,
                    "classes": 1,
                    "type":"冷盘管-关闭",
                    "name":"冷盘管-关闭",
                    "imUrl":"/static/img/svg/nuantongkongtiao/fengxitongshebei/lengpanguan-0.svg"
                },{
                    "width":220,
                    "height":190,
                    "classes": 1,
                    "type":"冷盘管-25%",
                    "name":"冷盘管-25%",
                    "imUrl":"/static/img/svg/nuantongkongtiao/fengxitongshebei/lengpanguan-25.svg"
                },{
                    "width":220,
                    "height":190,
                    "classes": 1,
                    "type":"冷盘管-50%",
                    "name":"冷盘管-50%",
                    "imUrl":"/static/img/svg/nuantongkongtiao/fengxitongshebei/lengpanguan-50.svg"
                },{
                    "width":220,
                    "height":190,
                    "classes": 1,
                    "type":"冷盘管-75%",
                    "name":"冷盘管-75%",
                    "imUrl":"/static/img/svg/nuantongkongtiao/fengxitongshebei/lengpanguan-75.svg"
                },{
                    "width":220,
                    "height":190,
                    "classes": 1,
                    "type":"冷盘管-100%",
                    "name":"冷盘管-100%",
                    "imUrl":"/static/img/svg/nuantongkongtiao/fengxitongshebei/lengpanguan-100.svg"
                },{
                    "width":220,
                    "height":190,
                    "classes": 1,
                    "type":"热盘管-关闭",
                    "name":"热盘管-关闭",
                    "imUrl":"/static/img/svg/nuantongkongtiao/fengxitongshebei/repanguan-0.svg"
                },{
                    "width":220,
                    "height":190,
                    "classes": 1,
                    "type":"热盘管-25%",
                    "name":"热盘管-25%",
                    "imUrl":"/static/img/svg/nuantongkongtiao/fengxitongshebei/repanguan-25.svg"
                },{
                    "width":220,
                    "height":190,
                    "classes": 1,
                    "type":"热盘管-50%",
                    "name":"热盘管-50%",
                    "imUrl":"/static/img/svg/nuantongkongtiao/fengxitongshebei/repanguan-50.svg"
                },{
                    "width":220,
                    "height":190,
                    "classes": 1,
                    "type":"热盘管-75%",
                    "name":"热盘管-75%",
                    "imUrl":"/static/img/svg/nuantongkongtiao/fengxitongshebei/repanguan-75.svg"
                },{
                    "width":220,
                    "height":190,
                    "classes": 1,
                    "type":"热盘管-100%",
                    "name":"热盘管-100%",
                    "imUrl":"/static/img/svg/nuantongkongtiao/fengxitongshebei/repanguan-100.svg"
                },{
                    "width":220,
                    "height":190,
                    "classes": 1,
                    "type":"盘管",
                    "name":"盘管",
                    "imUrl":"/static/img/svg/nuantongkongtiao/fengxitongshebei/panguan.svg"
                },{
                    "width":220,
                    "height":190,
                    "classes": 1,
                    "type":"文丘里阀",
                    "name":"文丘里阀",
                    "imUrl":"/static/img/svg/nuantongkongtiao/fengxitongshebei/wenqiulifa.svg"
                },{
                    "width":220,
                    "height":190,
                    "classes": 1,
                    "type":"初效过滤-堵塞",
                    "name":"初效过滤-堵塞",
                    "imUrl":"/static/img/svg/nuantongkongtiao/fengxitongshebei/lvwang-jun-close.svg"
                },{
                    "width":220,
                    "height":190,
                    "classes": 1,
                    "type":"初效过滤-正常",
                    "name":"初效过滤-正常",
                    "imUrl":"/static/img/svg/nuantongkongtiao/fengxitongshebei/lvwang-jun-open.svg"
                },{
                    "width":220,
                    "height":190,
                    "classes": 1,
                    "type":"中高效过滤-堵塞",
                    "name":"中高效过滤-堵塞",
                    "imUrl":"/static/img/svg/nuantongkongtiao/fengxitongshebei/lvwang-sen-close.svg"
                },{
                    "width":220,
                    "height":190,
                    "classes": 1,
                    "type":"中高效过滤-正常",
                    "name":"中高效过滤-正常",
                    "imUrl":"/static/img/svg/nuantongkongtiao/fengxitongshebei/lvwang-sen-open.svg"
                },{
                    "width":220,
                    "height":190,
                    "classes": 1,
                    "type":"紫外-关",
                    "name":"紫外-关",
                    "imUrl":"/static/img/svg/nuantongkongtiao/fengxitongshebei/lvwang-uv-close.svg"
                },{
                    "width":220,
                    "height":190,
                    "classes": 1,
                    "type":"紫外-开",
                    "name":"紫外-开",
                    "imUrl":"/static/img/svg/nuantongkongtiao/fengxitongshebei/lvwang-uv-open.svg"
                }
            ]
        },{
            "type":"风系统管道",
            "name":"风系统管道",
            "children": [
                {
                    "width":262,
                    "height":220,
                    "classes": 1,
                    "type":"水平风管",
                    "name":"水平风管",
                    "imUrl":"/static/img/svg/nuantongkongtiao/fengxitongguandao/fengguan.svg"
                },{
                    "width":311,
                    "height":220,
                    "classes": 1,
                    "type":"水平风管-左闭口",
                    "name":"水平风管-左闭口",
                    "imUrl":"/static/img/svg/nuantongkongtiao/fengxitongguandao/fengguan-hor-leftclose.svg"
                },{
                    "width":287,
                    "height":220,
                    "classes": 1,
                    "type":"水平风管-左开口",
                    "name":"水平风管-左开口",
                    "imUrl":"/static/img/svg/nuantongkongtiao/fengxitongguandao/fengguan-hor-leftopen.svg"
                },{
                    "width":286,
                    "height":220,
                    "classes": 1,
                    "type":"水平风管-右闭口",
                    "name":"水平风管-右闭口",
                    "imUrl":"/static/img/svg/nuantongkongtiao/fengxitongguandao/fengguan-hor-rightclose.svg"
                },{
                    "width":286,
                    "height":286,
                    "classes": 1,
                    "type":"水平风管-右开口",
                    "name":"水平风管-右开口",
                    "imUrl":"/static/img/svg/nuantongkongtiao/fengxitongguandao/fengguan-hor-rightopen.svg"
                },{
                    "width":322,
                    "height":322,
                    "classes": 1,
                    "type":"直角连接-左下",
                    "name":"直角连接-左下",
                    "imUrl":"/static/img/svg/nuantongkongtiao/fengxitongguandao/fengguan-left-down.svg"
                },{
                    "width":322,
                    "height":322,
                    "classes": 1,
                    "type":"直角连接-左上",
                    "name":"直角连接-左上",
                    "imUrl":"/static/img/svg/nuantongkongtiao/fengxitongguandao/fengguan-left-up.svg"
                },{
                    "width":322,
                    "height":322,
                    "classes": 1,
                    "type":"直角连接-右下",
                    "name":"直角连接-右下",
                    "imUrl":"/static/img/svg/nuantongkongtiao/fengxitongguandao/fengguan-right-down.svg"
                },{
                    "width":322,
                    "height":322,
                    "classes": 1,
                    "type":"直角连接-右上",
                    "name":"直角连接-右上",
                    "imUrl":"/static/img/svg/nuantongkongtiao/fengxitongguandao/fengguan-right-up.svg"
                },{
                    "width":424,
                    "height":322,
                    "classes": 1,
                    "type":"T型连接-开口朝上",
                    "name":"T型连接-开口朝上",
                    "imUrl":"/static/img/svg/nuantongkongtiao/fengxitongguandao/fengguan-three-down.svg"
                },{
                    "width":424,
                    "height":322,
                    "classes": 1,
                    "type":"T型连接-开口朝下",
                    "name":"T型连接-开口朝下",
                    "imUrl":"/static/img/svg/nuantongkongtiao/fengxitongguandao/fengguan-three-up.svg"
                },{
                    "width":322,
                    "height":424,
                    "classes": 1,
                    "type":"T型连接-开口朝右",
                    "name":"T型连接-开口朝右",
                    "imUrl":"/static/img/svg/nuantongkongtiao/fengxitongguandao/fengguan-three-left.svg"
                },{
                    "width":322,
                    "height":424,
                    "classes": 1,
                    "type":"T型连接-开口朝左",
                    "name":"T型连接-开口朝左",
                    "imUrl":"/static/img/svg/nuantongkongtiao/fengxitongguandao/fengguan-three-right.svg"
                },{
                    "width":220,
                    "height":256,
                    "classes": 1,
                    "type":"垂直风管",
                    "name":"垂直风管",
                    "imUrl":"/static/img/svg/nuantongkongtiao/fengxitongguandao/fengguan-ver.svg"
                },{
                    "width":220,
                    "height":282,
                    "classes": 1,
                    "type":"垂直风管-下闭口",
                    "name":"垂直风管-下闭口",
                    "imUrl":"/static/img/svg/nuantongkongtiao/fengxitongguandao/fengguan-ver-downclose.svg"
                },{
                    "width":220,
                    "height":281,
                    "classes": 1,
                    "type":"垂直风管-下开口",
                    "name":"垂直风管-下开口",
                    "imUrl":"/static/img/svg/nuantongkongtiao/fengxitongguandao/fengguan-ver-downopen.svg"
                },{
                    "width":220,
                    "height":260,
                    "classes": 1,
                    "type":"垂直风管-上闭口",
                    "name":"垂直风管-上闭口",
                    "imUrl":"/static/img/svg/nuantongkongtiao/fengxitongguandao/fengguan-ver-upclose.svg"
                },{
                    "width":220,
                    "height":260,
                    "classes": 1,
                    "type":"垂直风管-上开口",
                    "name":"垂直风管-上开口",
                    "imUrl":"/static/img/svg/nuantongkongtiao/fengxitongguandao/fengguan-ver-upopen.svg"
                }
            ]
        },
        {
            "type":"水管设备",
            "name":"水管设备",
            "children": [
                {
                    "width":67,
                    "height":20,
                    "classes": 1,
                    "type":"把手-1",
                    "name":"把手-1",
                    "imUrl":"/static/img/svg/nuantongkongtiao/shuixitongshebei/bashou-1.svg"
                },{
                    "width":19,
                    "height":67,
                    "classes": 1,
                    "type":"把手-2",
                    "name":"把手-2",
                    "imUrl":"/static/img/svg/nuantongkongtiao/shuixitongshebei/bashou-2.svg"
                },{
                    "width":72,
                    "height":114,
                    "classes": 1,
                    "type":"水流传感器",
                    "name":"水流传感器",
                    "imUrl":"/static/img/svg/nuantongkongtiao/shuixitongshebei/chuanganqi.svg"
                },{
                    "width":75,
                    "height":75,
                    "classes": 1,
                    "type":"阀",
                    "name":"阀",
                    "imUrl":"/static/img/svg/nuantongkongtiao/shuixitongshebei/fa.svg"
                },{
                    "width":25,
                    "height":103,
                    "classes": 1,
                    "type":"阀门开关",
                    "name":"阀门开关",
                    "imUrl":"/static/img/svg/nuantongkongtiao/shuixitongshebei/famenkaiguan.svg"
                },{
                    "width":82,
                    "height":38,
                    "classes": 1,
                    "type":"开关-1",
                    "name":"开关-1",
                    "imUrl":"/static/img/svg/nuantongkongtiao/shuixitongshebei/kaiguan-1.svg"
                },{
                    "width":38,
                    "height":82,
                    "classes": 1,
                    "type":"开关-2",
                    "name":"开关-2",
                    "imUrl":"/static/img/svg/nuantongkongtiao/shuixitongshebei/kaiguan-2.svg"
                },{
                    "width":278,
                    "height":196,
                    "classes": 1,
                    "type":"方型锅炉-故障",
                    "name":"方型锅炉-故障",
                    "imUrl":"/static/img/svg/nuantongkongtiao/shuixitongshebei/guolv-squ-fault.svg"
                },{
                    "width":220,
                    "height":190,
                    "classes": 1,
                    "type":"方型锅炉-停止",
                    "name":"方型锅炉-停止",
                    "imUrl":"/static/img/svg/nuantongkongtiao/shuixitongshebei/guolv-squ-off.svg"
                },{
                    "width":278,
                    "height":196,
                    "classes": 1,
                    "type":"方型锅炉-运行",
                    "name":"方型锅炉-运行",
                    "imUrl":"/static/img/svg/nuantongkongtiao/shuixitongshebei/guolv-squ-on.svg"
                },{
                    "width":250,
                    "height":131,
                    "classes": 1,
                    "type":"筒型锅炉-故障",
                    "name":"筒型锅炉-故障",
                    "imUrl":"/static/img/svg/nuantongkongtiao/shuixitongshebei/guolv-rou-fault.svg"
                },{
                    "width":250,
                    "height":131,
                    "classes": 1,
                    "type":"筒型锅炉-停止",
                    "name":"筒型锅炉-停止",
                    "imUrl":"/static/img/svg/nuantongkongtiao/shuixitongshebei/guolv-rou-off.svg"
                },{
                    "width":250,
                    "height":131,
                    "classes": 1,
                    "type":"筒型锅炉-运行",
                    "name":"筒型锅炉-运行",
                    "imUrl":"/static/img/svg/nuantongkongtiao/shuixitongshebei/guolv-rou-on.svg"
                },{
                    "width":328,
                    "height":190,
                    "classes": 1,
                    "type":"风冷热泵-故障",
                    "name":"风冷热泵-故障",
                    "imUrl":"/static/img/svg/nuantongkongtiao/shuixitongshebei/fenglengrebeng-fault.svg"
                },{
                    "width":328,
                    "height":190,
                    "classes": 1,
                    "type":"风冷热泵-停止",
                    "name":"风冷热泵-停止",
                    "imUrl":"/static/img/svg/nuantongkongtiao/shuixitongshebei/fenglengrebeng-off.svg"
                },{
                    "width":328,
                    "height":190,
                    "classes": 1,
                    "type":"风冷热泵-运行",
                    "name":"风冷热泵-运行",
                    "imUrl":"/static/img/svg/nuantongkongtiao/shuixitongshebei/fenglengrebeng-on.svg"
                },{
                    "width":259,
                    "height":201,
                    "classes": 1,
                    "type":"冷却塔-故障",
                    "name":"冷却塔-故障",
                    "imUrl":"/static/img/svg/nuantongkongtiao/shuixitongshebei/lengqueta-fault.svg"
                },{
                    "width":259,
                    "height":201,
                    "classes": 1,
                    "type":"冷却塔-停止",
                    "name":"冷却塔-停止",
                    "imUrl":"/static/img/svg/nuantongkongtiao/shuixitongshebei/lengqueta-off.svg"
                },{
                    "width":259,
                    "height":190,
                    "classes": 1,
                    "type":"冷却塔-运行",
                    "name":"冷却塔-运行",
                    "imUrl":"/static/img/svg/nuantongkongtiao/shuixitongshebei/lengqueta-on.svg"
                },{
                    "width":285,
                    "height":167,
                    "classes": 1,
                    "type":"冷水机组-故障",
                    "name":"冷水机组-故障",
                    "imUrl":"/static/img/svg/nuantongkongtiao/shuixitongshebei/lengshuijizu-fault.svg"
                },{
                    "width":285,
                    "height":167,
                    "classes": 1,
                    "type":"冷水机组-停止",
                    "name":"冷水机组-停止",
                    "imUrl":"/static/img/svg/nuantongkongtiao/shuixitongshebei/lengshuijizu-off.svg"
                },{
                    "width":285,
                    "height":167,
                    "classes": 1,
                    "type":"冷水机组-运行",
                    "name":"冷水机组-运行",
                    "imUrl":"/static/img/svg/nuantongkongtiao/shuixitongshebei/lengshuijizu-on.svg"
                },{
                    "width":205,
                    "height":216,
                    "classes": 1,
                    "type":"膨胀罐",
                    "name":"膨胀罐",
                    "imUrl":"/static/img/svg/nuantongkongtiao/shuixitongshebei/pengzhangguan.svg"
                },{
                    "width":205,
                    "height":216,
                    "classes": 1,
                    "type":"热泵-故障",
                    "name":"热泵-故障",
                    "imUrl":"/static/img/svg/nuantongkongtiao/shuixitongshebei/rebeng-fault.svg"
                },{
                    "width":205,
                    "height":216,
                    "classes": 1,
                    "type":"热泵-停止",
                    "name":"热泵-停止",
                    "imUrl":"/static/img/svg/nuantongkongtiao/shuixitongshebei/rebeng-off.svg"
                },{
                    "width":205,
                    "height":216,
                    "classes": 1,
                    "type":"热泵-运行",
                    "name":"热泵-运行",
                    "imUrl":"/static/img/svg/nuantongkongtiao/shuixitongshebei/rebeng-on.svg"
                },{
                    "width":196,
                    "height":132,
                    "classes": 1,
                    "type":"热交换机-板式",
                    "name":"热交换机-板式",
                    "imUrl":"/static/img/svg/nuantongkongtiao/shuixitongshebei/rejiaohuanji-squ.svg"
                },{
                    "width":272,
                    "height":110,
                    "classes": 1,
                    "type":"热交换机-管壳式",
                    "name":"热交换机-管壳式",
                    "imUrl":"/static/img/svg/nuantongkongtiao/shuixitongshebei/rejiaohuanji-rou.svg"
                },{
                    "width":174,
                    "height":206,
                    "classes": 1,
                    "type":"水泵-立式-故障",
                    "name":"水泵-立式-故障",
                    "imUrl":"/static/img/svg/nuantongkongtiao/shuixitongshebei/shuibeng-ver-fault.svg"
                },{
                    "width":174,
                    "height":206,
                    "classes": 1,
                    "type":"水泵-立式-停止",
                    "name":"水泵-立式-停止",
                    "imUrl":"/static/img/svg/nuantongkongtiao/shuixitongshebei/shuibeng-ver-off.svg"
                },{
                    "width":174,
                    "height":206,
                    "classes": 1,
                    "type":"水泵-立式-运行",
                    "name":"水泵-立式-运行",
                    "imUrl":"/static/img/svg/nuantongkongtiao/shuixitongshebei/shuibeng-ver-on.svg"
                },{
                    "width":217,
                    "height":115,
                    "classes": 1,
                    "type":"水泵-卧式-故障",
                    "name":"水泵-卧式-故障",
                    "imUrl":"/static/img/svg/nuantongkongtiao/shuixitongshebei/shuibeng-hor-fault.svg"
                },{
                    "width":217,
                    "height":115,
                    "classes": 1,
                    "type":"水泵-卧式-运行",
                    "name":"水泵-卧式-运行",
                    "imUrl":"/static/img/svg/nuantongkongtiao/shuixitongshebei/shuibeng-hor-on.svg"
                },{
                    "width":105,
                    "height":159,
                    "classes": 1,
                    "type":"水箱-25%",
                    "name":"水箱-25%",
                    "imUrl":"/static/img/svg/nuantongkongtiao/shuixitongshebei/shuixiang-25.svg"
                },{
                    "width":105,
                    "height":159,
                    "classes": 1,
                    "type":"水箱-50%",
                    "name":"水箱-50%",
                    "imUrl":"/static/img/svg/nuantongkongtiao/shuixitongshebei/shuixiang-50.svg"
                },{
                    "width":105,
                    "height":159,
                    "classes": 1,
                    "type":"水箱-75%",
                    "name":"水箱-75%",
                    "imUrl":"/static/img/svg/nuantongkongtiao/shuixitongshebei/shuixiang-75.svg"
                },{
                    "width":105,
                    "height":159,
                    "classes": 1,
                    "type":"水箱-空",
                    "name":"水箱-空",
                    "imUrl":"/static/img/svg/nuantongkongtiao/shuixitongshebei/shuixiang-0.svg"
                },{
                    "width":105,
                    "height":159,
                    "classes": 1,
                    "type":"水箱-满",
                    "name":"水箱-满",
                    "imUrl":"/static/img/svg/nuantongkongtiao/shuixitongshebei/shuixiang-100.svg"
                },{
                    "width":261,
                    "height":135,
                    "classes": 1,
                    "type":"油罐-25%",
                    "name":"油罐-25%",
                    "imUrl":"/static/img/svg/nuantongkongtiao/shuixitongshebei/youguan-25.svg"
                },{
                    "width":261,
                    "height":135,
                    "classes": 1,
                    "type":"油罐-50%",
                    "name":"油罐-50%",
                    "imUrl":"/static/img/svg/nuantongkongtiao/shuixitongshebei/youguan-50.svg"
                },{
                    "width":261,
                    "height":135,
                    "classes": 1,
                    "type":"油罐-75%",
                    "name":"油罐-75%",
                    "imUrl":"/static/img/svg/nuantongkongtiao/shuixitongshebei/youguan-75.svg"
                },{
                    "width":261,
                    "height":135,
                    "classes": 1,
                    "type":"油罐-空",
                    "name":"油罐-空",
                    "imUrl":"/static/img/svg/nuantongkongtiao/shuixitongshebei/youguan-0.svg"
                },{
                    "width":261,
                    "height":135,
                    "classes": 1,
                    "type":"油罐-满",
                    "name":"油罐-满",
                    "imUrl":"/static/img/svg/nuantongkongtiao/shuixitongshebei/youguan-100.svg"
                }
            ]
        },
        {
            "type":"水系统设备",
            "name":"水系统设备",
            "children": [
                {
                    "width":36,
                    "height":139,
                    "classes": 1,
                    "type":"灰色水管",
                    "name":"灰色水管",
                    "imUrl":"/static/img/svg/nuantongkongtiao/shuixitongguandao/awr-1-way.svg"
                },{
                    "width":26,
                    "height":126,
                    "classes": 1,
                    "type":"灰色水管垂直",
                    "name":"灰色水管垂直",
                    "imUrl":"/static/img/svg/nuantongkongtiao/shuixitongguandao/awr-2-way.svg"
                },{
                    "width":72,
                    "height":54,
                    "classes": 1,
                    "type":"灰色三开口",
                    "name":"灰色三开口",
                    "imUrl":"/static/img/svg/nuantongkongtiao/shuixitongguandao/aws-3-way.svg"
                },{
                    "width":72,
                    "height":72,
                    "classes": 1,
                    "type":"灰色四开口",
                    "name":"灰色四开口",
                    "imUrl":"/static/img/svg/nuantongkongtiao/shuixitongguandao/aws-4-way.svg"
                },{
                    "width":66,
                    "height":67,
                    "classes": 1,
                    "type":"灰色弯管",
                    "name":"灰色弯管",
                    "imUrl":"/static/img/svg/nuantongkongtiao/shuixitongguandao/aws-elbow.svg"
                },{
                    "width":36,
                    "height":139,
                    "classes": 1,
                    "type":"绿色水管",
                    "name":"绿色水管",
                    "imUrl":"/static/img/svg/nuantongkongtiao/shuixitongguandao/cwr-1-way.svg"
                },{
                    "width":26,
                    "height":126,
                    "classes": 1,
                    "type":"绿色水管垂直",
                    "name":"绿色水管垂直",
                    "imUrl":"/static/img/svg/nuantongkongtiao/shuixitongguandao/cwr-2-way.svg"
                },{
                    "width":72,
                    "height":54,
                    "classes": 1,
                    "type":"绿色三开口",
                    "name":"绿色三开口",
                    "imUrl":"/static/img/svg/nuantongkongtiao/shuixitongguandao/cwr-3-way.svg"
                },{
                    "width":72,
                    "height":72,
                    "classes": 1,
                    "type":"绿色四开口",
                    "name":"绿色四开口",
                    "imUrl":"/static/img/svg/nuantongkongtiao/shuixitongguandao/cwr-4-way.svg"
                },{
                    "width":66,
                    "height":67,
                    "classes": 1,
                    "type":"绿色弯管",
                    "name":"绿色弯管",
                    "imUrl":"/static/img/svg/nuantongkongtiao/shuixitongguandao/cwr-elbow.svg"
                },{
                    "width":36,
                    "height":139,
                    "classes": 1,
                    "type":"黄色水管",
                    "name":"黄色水管",
                    "imUrl":"/static/img/svg/nuantongkongtiao/shuixitongguandao/hws-1-way.svg"
                },{
                    "width":26,
                    "height":126,
                    "classes": 1,
                    "type":"黄色水管垂直",
                    "name":"黄色水管垂直",
                    "imUrl":"/static/img/svg/nuantongkongtiao/shuixitongguandao/hws-2-way.svg"
                },{
                    "width":72,
                    "height":54,
                    "classes": 1,
                    "type":"黄色三开口",
                    "name":"黄色三开口",
                    "imUrl":"/static/img/svg/nuantongkongtiao/shuixitongguandao/hws-3-way.svg"
                },{
                    "width":72,
                    "height":72,
                    "classes": 1,
                    "type":"黄色四开口",
                    "name":"黄色四开口",
                    "imUrl":"/static/img/svg/nuantongkongtiao/shuixitongguandao/hws-4-way.svg"
                },{
                    "width":66,
                    "height":67,
                    "classes": 1,
                    "type":"黄色弯管",
                    "name":"黄色弯管",
                    "imUrl":"/static/img/svg/nuantongkongtiao/shuixitongguandao/hws-elbow.svg"
                },{
                    "width":36,
                    "height":139,
                    "classes": 1,
                    "type":"蓝色水管",
                    "name":"蓝色水管",
                    "imUrl":"/static/img/svg/nuantongkongtiao/shuixitongguandao/lwr-1-way.svg"
                },{
                    "width":26,
                    "height":126,
                    "classes": 1,
                    "type":"蓝色水管垂直",
                    "name":"蓝色水管垂直",
                    "imUrl":"/static/img/svg/nuantongkongtiao/shuixitongguandao/lwr-2-way.svg"
                },{
                    "width":72,
                    "height":54,
                    "classes": 1,
                    "type":"蓝色三开口",
                    "name":"蓝色三开口",
                    "imUrl":"/static/img/svg/nuantongkongtiao/shuixitongguandao/lwr-3-way.svg"
                },{
                    "width":72,
                    "height":72,
                    "classes": 1,
                    "type":"蓝色四开口",
                    "name":"蓝色四开口",
                    "imUrl":"/static/img/svg/nuantongkongtiao/shuixitongguandao/lwr-4-way.svg"
                },{
                    "width":66,
                    "height":67,
                    "classes": 1,
                    "type":"蓝色弯管",
                    "name":"蓝色弯管",
                    "imUrl":"/static/img/svg/nuantongkongtiao/shuixitongguandao/lwr-5-way.svg"
                }
            ]
        },
        {
            "type":"末端设备",
            "name":"末端设备",
            "children": [
                {
                    "width":85,
                    "height":294,
                    "classes": 1,
                    "type":"传感器",
                    "name":"传感器",
                    "imUrl":"/static/img/svg/nuantongkongtiao/moduanshebei/chuanganqi.svg"
                },{
                    "width":238,
                    "height":124,
                    "classes": 1,
                    "type":"压差",
                    "name":"压差",
                    "imUrl":"/static/img/svg/nuantongkongtiao/moduanshebei/yacha.svg"
                }
            ]
        },
        {
            "type":"阀门设备",
            "name":"阀门设备",
            "children": [
                {
                    "width":40,
                    "height":51,
                    "classes": 1,
                    "type":"电动阀门01",
                    "name":"电动阀门01",
                    "imUrl":"/static/img/svg/nuantongkongtiao/famenshebei/1diandongfamen01.svg"
                },{
                    "width":40,
                    "height":51,
                    "classes": 1,
                    "type":"电动阀门02",
                    "name":"电动阀门02",
                    "imUrl":"/static/img/svg/nuantongkongtiao/famenshebei/2diandongfamen02.svg"
                },{
                    "width":40,
                    "height":56,
                    "classes": 1,
                    "type":"发动机01",
                    "name":"发动机01",
                    "imUrl":"/static/img/svg/nuantongkongtiao/famenshebei/3fadongfamen01.svg"
                },{
                    "width":40,
                    "height":56,
                    "classes": 1,
                    "type":"发动机02",
                    "name":"发动机02",
                    "imUrl":"/static/img/svg/nuantongkongtiao/famenshebei/4fadongfamen02.svg"
                },{
                    "width":40,
                    "height":57,
                    "classes": 1,
                    "type":"阀门",
                    "name":"阀门",
                    "imUrl":"/static/img/svg/nuantongkongtiao/famenshebei/5fdamen.svg"
                }
            ]
        },
        {
            "type":"其他",
            "name":"其他",
            "children": [
                {
                    "width":256.8,
                    "height":206.1,
                    "classes": 1,
                    "type":"发电机故障",
                    "name":"发电机故障",
                    "imUrl":"/static/img/svg/nuantongkongtiao/qita/fadianji-fault.svg"
                },{
                    "width":256.8,
                    "height":206.1,
                    "classes": 1,
                    "type":"发电机不运行",
                    "name":"发电机不运行",
                    "imUrl":"/static/img/svg/nuantongkongtiao/qita/fadianji-off.svg"
                },{
                    "width":256.8,
                    "height":206.1,
                    "classes": 1,
                    "type":"发电机运行",
                    "name":"发电机运行",
                    "imUrl":"/static/img/svg/nuantongkongtiao/qita/fadianji-on.svg"
                }
            ]
        }
    ]
},{
    "type":"照明设备",
    "classes":1,
    "name": "照明设备",
    "children":[
        {
            "width":60,
            "height":61,
            "classes": 1,
            "type":"筒灯1",
            "name":"筒灯1",
            "imUrl":"/static/img/svg/zhaomingshebei/tongdeng1.svg"
        },
        {
            "width":60,
            "height":61,
            "classes": 1,
            "type":"筒灯2",
            "name":"筒灯2",
            "imUrl":"/static/img/svg/zhaomingshebei/tongdeng2.svg"
        },
        {
            "width":60,
            "height":45,
            "classes": 1,
            "type":"吸顶灯1",
            "name":"吸顶灯1",
            "imUrl":"/static/img/svg/zhaomingshebei/xidingdeng1.svg"
        },
        {
            "width":60,
            "height":45,
            "classes": 1,
            "type":"吸顶灯2",
            "name":"吸顶灯2",
            "imUrl":"/static/img/svg/zhaomingshebei/xidingdeng2.svg"
        },
        {
            "width":28.1,
            "height":48.3,
            "classes": 1,
            "type":"灯泡关",
            "name":"灯泡关",
            "imUrl":"/static/img/svg/zhaomingshebei/dengpao-off.svg"
        },
        {
            "width":28.1,
            "height":48.3,
            "classes": 1,
            "type":"灯泡开",
            "name":"灯泡开",
            "imUrl":"/static/img/svg/zhaomingshebei/dengpao-on.svg"
        },
        {
            "width":80,
            "height":80,
            "classes": 1,
            "type":"方灯关",
            "name":"方灯关",
            "imUrl":"/static/img/svg/zhaomingshebei/fangdeng-off.svg"
        },
        {
            "width":80,
            "height":80,
            "classes": 1,
            "type":"方灯开",
            "name":"方灯开",
            "imUrl":"/static/img/svg/zhaomingshebei/fangdeng-on.svg"
        },
        {
            "width":26,
            "height":51.9,
            "classes": 1,
            "type":"光源关",
            "name":"光源关",
            "imUrl":"/static/img/svg/zhaomingshebei/guangyuan-off.svg"
        },
        {
            "width":26,
            "height":51.9,
            "classes": 1,
            "type":"光源开",
            "name":"光源开",
            "imUrl":"/static/img/svg/zhaomingshebei/guangyuan-on.svg"
        },
        {
            "width":59.5,
            "height":19.2,
            "classes": 1,
            "type":"应急灯关",
            "name":"应急灯关",
            "imUrl":"/static/img/svg/zhaomingshebei/yingji-off.svg"
        },
        {
            "width":59.5,
            "height":19.2,
            "classes": 1,
            "type":"应急灯开",
            "name":"应急灯开",
            "imUrl":"/static/img/svg/zhaomingshebei/yingji-on.svg"
        },
        {
            "width":80,
            "height":79.8,
            "classes": 1,
            "type":"圆灯关",
            "name":"圆灯关",
            "imUrl":"/static/img/svg/zhaomingshebei/yuandeng-off.svg"
        },
        {
            "width":300,
            "height":80,
            "classes": 1,
            "type":"长灯关",
            "name":"长灯关",
            "imUrl":"/static/img/svg/zhaomingshebei/zhangdeng-off.svg"
        },
        {
            "width":300,
            "height":80,
            "classes": 1,
            "type":"长灯开",
            "name":"长灯开",
            "imUrl":"/static/img/svg/zhaomingshebei/zhangdeng-on.svg"
        }
    ]
},{
    "type":"环境传感",
    "classes":1,
    "name": "环境传感",
    "children":[
        {
            "width":72.6,
            "height":56.1,
            "classes": 1,
            "type":"二氧化碳",
            "name":"二氧化碳",
            "imUrl":"/static/img/svg/huanjingchuangan/co2.svg"
        },
        {
            "width":56.5,
            "height":56.5,
            "classes": 1,
            "type":"光照度",
            "name":"光照度",
            "imUrl":"/static/img/svg/huanjingchuangan/guangzhao.svg"
        },
        {
            "width":64.9,
            "height":51,
            "classes": 1,
            "type":"甲醛",
            "name":"甲醛",
            "imUrl":"/static/img/svg/huanjingchuangan/jiaquan.svg"
        },
        {
            "width":34.2,
            "height":55.3,
            "classes": 1,
            "type":"门磁",
            "name":"门磁",
            "imUrl":"/static/img/svg/huanjingchuangan/menci.svg"
        },
        {
            "width":54.1,
            "height":47.4,
            "classes": 1,
            "type":"PM2.5",
            "name":"PM2.5",
            "imUrl":"/static/img/svg/huanjingchuangan/pm2.5.svg"
        },
        {
            "width": 49.2,
            "height": 47.4,
            "classes": 1,
            "type":"PM10",
            "name":"PM10",
            "imUrl":"/static/img/svg/huanjingchuangan/pm10.svg"
        },
        {
            "width":61.7,
            "height":80.5,
            "classes": 1,
            "type":"人感",
            "name":"人感",
            "imUrl":"/static/img/svg/huanjingchuangan/rengan.svg"
        },
        {
            "width":46,
            "height":63.8,
            "classes": 1,
            "type":"湿度",
            "name":"湿度",
            "imUrl":"/static/img/svg/huanjingchuangan/shidu.svg"
        },
        {
            "width":59,
            "height":59,
            "classes": 1,
            "type":"VOC",
            "name":"VOC",
            "imUrl":"/static/img/svg/huanjingchuangan/voc.svg"
        },
        {
            "width":30,
            "height":76.5,
            "classes": 1,
            "type":"温度",
            "name":"温度",
            "imUrl":"/static/img/svg/huanjingchuangan/wendu.svg"
        },
        {
            "width":53.2,
            "height":59.1,
            "classes": 1,
            "type":"温湿度",
            "name":"温湿度",
            "imUrl":"/static/img/svg/huanjingchuangan/wenshidu.svg"
        },
        {
            "width":53.2,
            "height":59.1,
            "classes": 1,
            "type":"新风",
            "name":"新风",
            "imUrl":"/static/img/svg/huanjingchuangan/xinfeng.svg"
        }
    ]
},{
    "type":"电力电子",
    "classes":1,
    "name": "电力电子",
    "children":[
        {
            "width":62,
            "height":18,
            "classes": 1,
            "type":"电流或直流电源",
            "name":"电流或直流电源",
            "imUrl":"/static/img/svg/dianlidianqi/1dianliu.svg"
        },
        {
            "width":62,
            "height":18,
            "classes": 1,
            "type":"可变直流电源",
            "name":"可变直流电源",
            "imUrl":"/static/img/svg/dianlidianqi/2kebian.svg"
        },
        {
            "width":26,
            "height":26,
            "classes": 1,
            "type":"交流电源",
            "name":"交流电源",
            "imUrl":"/static/img/svg/dianlidianqi/3jiaoliudianyuan.svg"
        },
        {
            "width":72,
            "height":18,
            "classes": 1,
            "type":"电阻器",
            "name":"电阻器",
            "imUrl":"/static/img/svg/dianlidianqi/4dianzu.svg"
        },
        {
            "width":55,
            "height":21,
            "classes": 1,
            "type":"电容器",
            "name":"电容器",
            "imUrl":"/static/img/svg/dianlidianqi/5dianrong.svg"
        },
        {
            "width":26,
            "height":26,
            "classes": 1,
            "type":"LAMP",
            "name":"LAMP",
            "imUrl":"/static/img/svg/dianlidianqi/6lamp.svg"
        },
        {
            "width":26,
            "height":26,
            "classes": 1,
            "type":"发动机",
            "name":"发动机",
            "imUrl":"/static/img/svg/dianlidianqi/7fadongji.svg"
        },
        {
            "width":26,
            "height":26,
            "classes": 1,
            "type":"电表",
            "name":"电表",
            "imUrl":"/static/img/svg/dianlidianqi/8dianbiao.svg"
        },
        {
            "width":26,
            "height":26,
            "classes": 1,
            "type":"电源",
            "name":"电源",
            "imUrl":"/static/img/svg/dianlidianqi/9dianyuan.svg"
        },
        {
            "width":16,
            "height":26,
            "classes": 1,
            "type":"电压表",
            "name":"电压表",
            "imUrl":"/static/img/svg/dianlidianqi/10dianya.svg"
        },
        {
            "width":31,
            "height":34,
            "classes": 1,
            "type":"接地",
            "name":"接地",
            "imUrl":"/static/img/svg/dianlidianqi/11jiedi.svg"
        },
        {
            "width":68,
            "height":10,
            "classes": 1,
            "type":"保险丝",
            "name":"保险丝",
            "imUrl":"/static/img/svg/dianlidianqi/12baoxiansi.svg"
        },
        {
            "width":18,
            "height":57,
            "classes": 1,
            "type":"T接线",
            "name":"T接线",
            "imUrl":"/static/img/svg/dianlidianqi/13Tjiexian.svg"
        },
        {
            "width":18,
            "height":57,
            "classes": 1,
            "type":"避雷针1",
            "name":"避雷针1",
            "imUrl":"/static/img/svg/dianlidianqi/14bileizhen01.svg"
        },
        {
            "width":18,
            "height":57,
            "classes": 1,
            "type":"避雷针2",
            "name":"避雷针2",
            "imUrl":"/static/img/svg/dianlidianqi/15bileizhen02.svg"
        },
        {
            "width":9,
            "height":58,
            "classes": 1,
            "type":"放电间隙",
            "name":"放电间隙",
            "imUrl":"/static/img/svg/dianlidianqi/16fangdianjianxi.svg"
        },
        {
            "width":18,
            "height":57,
            "classes": 1,
            "type":"高压熔断器",
            "name":"高压熔断器",
            "imUrl":"/static/img/svg/dianlidianqi/17gaoyarongduanqi.svg"
        },
        {
            "width":26,
            "height":46,
            "classes": 1,
            "type":"双绕组变压器1",
            "name":"双绕组变压器1",
            "imUrl":"/static/img/svg/dianlidianqi/18liangbianyaqi01.svg"
        },
        {
            "width":26,
            "height":46,
            "classes": 1,
            "type":"双绕组变压器3",
            "name":"双绕组变压器3",
            "imUrl":"/static/img/svg/dianlidianqi/20liangbianyaqi03.svg"
        },
        {
            "width":27,
            "height":46,
            "classes": 1,
            "type":"双绕组变压器4",
            "name":"双绕组变压器4",
            "imUrl":"/static/img/svg/dianlidianqi/21liangbianyaqi04.svg"
        },
        {
            "width":35,
            "height":46,
            "classes": 1,
            "type":"二卷变",
            "name":"二卷变",
            "imUrl":"/static/img/svg/dianlidianqi/22erjuanbian.svg"
        },
        {
            "width":47,
            "height":46,
            "classes": 1,
            "type":"三卷变",
            "name":"三卷变",
            "imUrl":"/static/img/svg/dianlidianqi/23sanjuanbian.svg"
        },
        {
            "width":47,
            "height":26,
            "classes": 1,
            "type":"传感器1",
            "name":"传感器1",
            "imUrl":"/static/img/svg/dianlidianqi/24chuanganqi01.svg"
        },
        {
            "width":43,
            "height":55,
            "classes": 1,
            "type":"传感器2",
            "name":"传感器2",
            "imUrl":"/static/img/svg/dianlidianqi/25chuanganqi02.svg"
        },
        {
            "width":40,
            "height":35,
            "classes": 1,
            "type":"可变电阻",
            "name":"可变电阻",
            "imUrl":"/static/img/svg/dianlidianqi/26kebiandianzu.svg"
        },
        {
            "width":38,
            "height":33,
            "classes": 1,
            "type":"预设电阻器",
            "name":"预设电阻器",
            "imUrl":"/static/img/svg/dianlidianqi/27yushedianzu.svg"
        },
        {
            "width":37,
            "height":18,
            "classes": 1,
            "type":"电阻",
            "name":"电阻",
            "imUrl":"/static/img/svg/dianlidianqi/28dianzu.svg"
        },
        {
            "width":37,
            "height":34,
            "classes": 1,
            "type":"电阻计电阻器",
            "name":"电阻计电阻器",
            "imUrl":"/static/img/svg/dianlidianqi/29dianweijidianzu.svg"
        },
        {
            "width":37,
            "height":31,
            "classes": 1,
            "type":"磁动电阻",
            "name":"磁动电阻",
            "imUrl":"/static/img/svg/dianlidianqi/30cidongdianzu.svg"
        },
        {
            "width":26,
            "height":60,
            "classes": 1,
            "type":"电源变压器",
            "name":"电源变压器",
            "imUrl":"/static/img/svg/dianlidianqi/31dianyuanbianyaqi.svg"
        },
        {
            "width":26,
            "height":60,
            "classes": 1,
            "type":"电压互感器1",
            "name":"电压互感器1",
            "imUrl":"/static/img/svg/dianlidianqi/33dianyahuganqi01.svg"
        },
        {
            "width":43,
            "height":51,
            "classes": 1,
            "type":"电压互感器2",
            "name":"电压互感器2",
            "imUrl":"/static/img/svg/dianlidianqi/34dianyahuganqi02.svg"
        },
        {
            "width":43,
            "height":60,
            "classes": 1,
            "type":"电压互感器3",
            "name":"电压互感器3",
            "imUrl":"/static/img/svg/dianlidianqi/35dianyahuganqi03.svg"
        },
        {
            "width":102,
            "height":56,
            "classes": 1,
            "type":"电容式电压互感器",
            "name":"电容式电压互感器",
            "imUrl":"/static/img/svg/dianlidianqi/36dianrongdianyahuganqi.svg"
        },
        {
            "width":47,
            "height":23,
            "classes": 1,
            "type":"二极管",
            "name":"二极管",
            "imUrl":"/static/img/svg/dianlidianqi/37erjiguan.svg"
        },
        {
            "width":36,
            "height":41,
            "classes": 1,
            "type":"晶体管",
            "name":"晶体管",
            "imUrl":"/static/img/svg/dianlidianqi/38jingtiguan.svg"
        },
        {
            "width":32,
            "height":51,
            "classes": 1,
            "type":"阻波器",
            "name":"阻波器",
            "imUrl":"/static/img/svg/dianlidianqi/39zuboqi.svg"
        },
        {
            "width":64,
            "height":29,
            "classes": 1,
            "type":"衰减器",
            "name":"衰减器",
            "imUrl":"/static/img/svg/dianlidianqi/40shuaijianqi.svg"
        },
        {
            "width":42,
            "height":52,
            "classes": 1,
            "type":"电流互感器",
            "name":"电流互感器",
            "imUrl":"/static/img/svg/dianlidianqi/41dianliuhuganqi.svg"
        },
        {
            "width":26,
            "height":52,
            "classes": 1,
            "type":"电抗器",
            "name":"电抗器",
            "imUrl":"/static/img/svg/dianlidianqi/42diankangqi.svg"
        },
        {
            "width":26,
            "height":56,
            "classes": 1,
            "type":"変联电抗器",
            "name":"変联电抗器",
            "imUrl":"/static/img/svg/dianlidianqi/43binglianduigangqi.svg"
        },
        {
            "width":32,
            "height":42,
            "classes": 1,
            "type":"分割电抗器",
            "name":"分割电抗器",
            "imUrl":"/static/img/svg/dianlidianqi/44fengeduikangqi.svg"
        },
        {
            "width":26,
            "height":43,
            "classes": 1,
            "type":"站用变",
            "name":"站用变",
            "imUrl":"/static/img/svg/dianlidianqi/45zhanyongbian.svg"
        },
        {
            "width":28,
            "height":55,
            "classes": 1,
            "type":"消弧线圈",
            "name":"消弧线圈",
            "imUrl":"/static/img/svg/dianlidianqi/46xiaohuxianquan.svg"
        },
        {
            "width":18,
            "height":40,
            "classes": 1,
            "type":"手车刀闸",
            "name":"手车刀闸",
            "imUrl":"/static/img/svg/dianlidianqi/47shouchedaozha.svg"
        },
        {
            "width":34,
            "height":25,
            "classes": 1,
            "type":"电压电感器",
            "name":"电压电感器",
            "imUrl":"/static/img/svg/dianlidianqi/48dianyadianganqi.svg"
        },
        {
            "width":10,
            "height":38,
            "classes": 1,
            "type":"负荷",
            "name":"负荷",
            "imUrl":"/static/img/svg/dianlidianqi/49fuhe.svg"
        },
        {
            "width":25,
            "height":45,
            "classes": 1,
            "type":"接地刀闸链接",
            "name":"接地刀闸链接",
            "imUrl":"/static/img/svg/dianlidianqi/50jiedidaozhalianjie.svg"
        },
        {
            "width":25,
            "height":49,
            "classes": 1,
            "type":"接地刀闸断开",
            "name":"接地刀闸断开",
            "imUrl":"/static/img/svg/dianlidianqi/51jiedidaozhaduankai.svg"
        },
        {
            "width":10,
            "height":54,
            "classes": 1,
            "type":"刀闸开关闭合",
            "name":"刀闸开关闭合",
            "imUrl":"/static/img/svg/dianlidianqi/55daozhanbihe.svg"
        },
        {
            "width":14,
            "height":54,
            "classes": 1,
            "type":"刀闸开关断开",
            "name":"刀闸开关断开",
            "imUrl":"/static/img/svg/dianlidianqi/56daozhanduankai.svg"
        },
        {
            "width":15,
            "height":56,
            "classes": 1,
            "type":"断路器",
            "name":"断路器",
            "imUrl":"/static/img/svg/dianlidianqi/57duanluqi.svg"
        },
        {
            "width":15,
            "height":66,
            "classes": 1,
            "type":"断路器开关",
            "name":"断路器开关",
            "imUrl":"/static/img/svg/dianlidianqi/58duanluqikaiguan.svg"
        },
        {
            "width":23,
            "height":79,
            "classes": 1,
            "type":"电容补偿器",
            "name":"电容补偿器",
            "imUrl":"/static/img/svg/dianlidianqi/60dianrongbuchangqi.svg"
        },
        {
            "width":38,
            "height":34,
            "classes": 1,
            "type":"预设电位计",
            "name":"预设电位计",
            "imUrl":"/static/img/svg/dianlidianqi/61yushedianweiji.svg"
        },
        {
            "width":67,
            "height":49,
            "classes": 1,
            "type":"三联开关",
            "name":"三联开关",
            "imUrl":"/static/img/svg/dianlidianqi/62sanliankaiguan.svg"
        },
        {
            "width":61,
            "height":26,
            "classes": 1,
            "type":"引线组",
            "name":"引线组",
            "imUrl":"/static/img/svg/dianlidianqi/64yinxianzu.svg"
        },
        {
            "width":16,
            "height":60,
            "classes": 1,
            "type":"熔断开关1",
            "name":"熔断开关1",
            "imUrl":"./static/img/svg/dianlidianqi/65rongduankaiguan01.svg"
        },
        {
            "width":25,
            "height":60,
            "classes": 1,
            "type":"熔断开关2",
            "name":"熔断开关2",
            "imUrl":"/static/img/svg/dianlidianqi/66rongduankaiguan02.svg"
        },
        {
            "width":18,
            "height":57,
            "classes": 1,
            "type":"开关",
            "name":"开关",
            "imUrl":"/static/img/svg/dianlidianqi/67kaiguan.svg"
        },
        {
            "width":25,
            "height":57,
            "classes": 1,
            "type":"静止无功补偿",
            "name":"静止无功补偿",
            "imUrl":"/static/img/svg/dianlidianqi/68jingzhiwugongbuc.svg"
        },
        {
            "width":46,
            "height":83,
            "classes": 1,
            "type":"带单触头高压跌落式熔断器的手车变压",
            "name":"带单触头高压跌落式熔断器的手车变压",
            "imUrl":"/static/img/svg/dianlidianqi/69shouchebianya.svg"
        },
        {
            "width":56,
            "height":61,
            "classes": 1,
            "type":"带有载调压两圈自耦变压器",
            "name":"带有载调压两圈自耦变压器",
            "imUrl":"/static/img/svg/dianlidianqi/70zierbianyaqi.svg"
        },
        {
            "width":15,
            "height":74,
            "classes": 1,
            "type":"电气分支",
            "name":"电气分支",
            "imUrl":"/static/img/svg/dianlidianqi/71dianqifenzhi.svg"
        },
        {
            "width":40,
            "height":40,
            "classes": 1,
            "type":"指示灯1",
            "name":"指示灯1",
            "imUrl":"/static/img/svg/dianlidianqi/zhishifdeng01.svg"
        },
        {
            "width":40,
            "height":40,
            "classes": 1,
            "type":"指示灯2",
            "name":"指示灯2",
            "imUrl":"/static/img/svg/dianlidianqi/zhishifdeng02.svg"
        },
        {
            "width":40,
            "height":40,
            "classes": 1,
            "type":"指示灯3",
            "name":"指示灯3",
            "imUrl":"/static/img/svg/dianlidianqi/zhishifdeng03.svg"
        },
        {
            "width":40,
            "height":40,
            "classes": 1,
            "type":"指示灯4",
            "name":"指示灯4",
            "imUrl":"/static/img/svg/dianlidianqi/zhishifdeng04.svg"
        },
        {
            "width":140,
            "height":140,
            "classes": 1,
            "type":"插座开",
            "name":"插座开",
            "imUrl":"/static/img/svg/dianlidianqi/chazuokai.svg"
        },
        {
            "width":140,
            "height":140,
            "classes": 1,
            "type":"插座关",
            "name":"插座关",
            "imUrl":"/static/img/svg/dianlidianqi/chazuoguan.svg"
        }
    ]
},{
    "type":"符号系列",
    "classes":1,
    "name": "符号系列",
    "children":[
        {
            "width":95.4,
            "height":50,
            "classes": 1,
            "type":"箭头一",
            "name":"箭头一",
            "imUrl":"/static/img/svg/fuhao/jiantou1.svg"
        },{
            "width":61.8,
            "height":70,
            "classes": 1,
            "type":"箭头三",
            "name":"箭头三",
            "imUrl":"/static/img/svg/fuhao/jiantou3.svg"
        },{
            "width":56,
            "height":52,
            "classes": 1,
            "type":"箭头四",
            "name":"箭头四",
            "imUrl":"/static/img/svg/fuhao/jiantou4.svg"
        }
    ]
},{
    "type":"其他系列",
    "classes":1,
    "name": "其他系列",
    "children":[
        {
            "width":114,
            "height":31,
            "classes": 1,
            "type":"按键一",
            "name":"按键一",
            "imUrl":"/static/img/svg/qita/anjian1.svg"
        },{
            "width":60,
            "height":60,
            "classes": 1,
            "type":"按键二",
            "name":"按键二",
            "imUrl":"/static/img/svg/qita/anjian2.svg"
        },{
            "width":90.1,
            "height":112.1,
            "classes": 1,
            "type":"报警",
            "name":"报警",
            "imUrl":"/static/img/svg/qita/baojing.svg"
        },{
            "width":248.6,
            "height":220.8,
            "classes": 1,
            "type":"建筑一",
            "name":"建筑一",
            "imUrl":"/static/img/svg/qita/jianzhu1.svg"
        },{
            "width":155.2,
            "height":349.7,
            "classes": 1,
            "type":"建筑二",
            "name":"建筑二",
            "imUrl":"/static/img/svg/qita/jianzhu2.svg"
        },{
            "width":248.6,
            "height":220.8,
            "classes": 1,
            "type":"建筑三",
            "name":"建筑三",
            "imUrl":"/static/img/svg/qita/jianzhu3.svg"
        },{
            "width":220,
            "height":228,
            "classes": 1,
            "type":"建筑四",
            "name":"建筑四",
            "imUrl":"/static/img/svg/qita/jianzhu4.svg"
        },{
            "width":38.1,
            "height":80,
            "classes": 1,
            "type":"建筑五",
            "name":"建筑五",
            "imUrl":"/static/img/svg/qita/jianzhu5.svg"
        },{
            "width":186.2,
            "height":79.9,
            "classes": 1,
            "type":"交通一",
            "name":"交通一",
            "imUrl":"/static/img/svg/qita/jiaotong1.svg"
        },{
            "width":388,
            "height":156.5,
            "classes": 1,
            "type":"交通二",
            "name":"交通二",
            "imUrl":"/static/img/svg/qita/jiaotong2.svg"
        },{
            "width":370.1,
            "height":292,
            "classes": 1,
            "type":"交通三",
            "name":"交通三",
            "imUrl":"/static/img/svg/qita/jiaotong3.svg"
        },{
            "width":80,
            "height":57.5,
            "classes": 1,
            "type":"气泡一",
            "name":"气泡一",
            "imUrl":"/static/img/svg/qita/qipao1.svg"
        },{
            "width":80,
            "height":67.9,
            "classes": 1,
            "type":"气泡二",
            "name":"气泡二",
            "imUrl":"/static/img/svg/qita/qipao2.svg"
        },{
            "width":80,
            "height":58.7,
            "classes": 1,
            "type":"气泡三",
            "name":"气泡三",
            "imUrl":"/static/img/svg/qita/qipao3.svg"
        },{
            "width":80,
            "height":66,
            "classes": 1,
            "type":"气泡四",
            "name":"气泡四",
            "imUrl":"/static/img/svg/qita/jiaotong1.svg"
        },{
            "width":121.5,
            "height":50,
            "classes": 1,
            "type":"信息框一",
            "name":"信息框一",
            "imUrl":"/static/img/svg/qita/xinxikuang1.svg"
        },{
            "width":80,
            "height":70.1,
            "classes": 1,
            "type":"信息框二",
            "name":"信息框二",
            "imUrl":"/static/img/svg/qita/xinxikuang2.svg"
        }
    ]
}
] 
