[{
    "width":112,
    "height":54,
    "type":"开关按钮",
    "classes":2,
    "name":"开关按钮",
    "imUrl":"iconwenben"
}, {
    "width":750,
    "height":40,
    "type":"标题栏",
    "classes":2,
    "name":"标题栏",
    "imUrl":"iconwenben"
}, {
    "width":240,
    "height":70,
    "type":"拖动条",
    "classes":2,
    "name":"拖动条",
    "imUrl":"iconwenben"
}, {
    "width":240,
    "height":55,
    "type":"进度条",
    "classes":2,
    "name":"进度条",
    "imUrl":"iconwenben"
}, {
    "imUrl":"iconxitong"
},{
    "width":750,
    "height":50,
    "type":"日期选择器",
    "classes":2,
    "name":"日期选择器",
    "imUrl":"iconshuzi"
}, {
    "width":220,
    "height":20,
    "type":"时间",
    "classes":2,
    "name":"时间",
    "imUrl":"iconshuzi"
}, {
    "width":400,
    "height":250,
    "type":"饼图",
    "classes":2,
    "name":"饼图",
    "imUrl":"iconshuzi"
}, {
    "width":400,
    "height":250,
    "type":"环图",
    "classes":2,
    "name":"环图",
    "imUrl":"iconshuzi"
}, {
    "width":480,
    "height":410,
    "type":"环图2",
    "classes":2,
    "name":"环图2",
    "imUrl":"iconshuzi"
}] 