[
    {
        "id": "bec178ce460744f9a9e19b91c1f35e08",
        "name": "购物类",
        "type": "multi",
        "site": [
            {
                "name": "百度",
                "img": "./static/img/wangzhi/taobao.png",
                "url": "https://www.baidu.com/"
            },
            {
                "name": "新浪",
                "img": "./static/img/wangzhi/taobao.png",
                "url": "https://www.sina.com.cn/"
            }
        ]
    },
    {
        "id": "61f06766c7fb432e9b27261b80999726",
        "name": "新浪",
        "type": "single",
        "site": {
            "name": "新浪",
            "img": "./static/img/wangzhi/xinlang.png",
            "url": "https://www.sina.com.cn/"
        }
    }
]