{
    "status": 200,
    "data": {
        "list": {
            "total": 5,
            "per_page": "12",
            "current_page": "1",
            "data": [
                {   
                    "id":1,
                    "unitName": "中国东方航空股份有限公司",
                    "businessType": "1",
                    "node": "中国东方航空股份有限公司",
                    "status":true,
                    "opration":"11"
                },
                { 
                    "id":2,
                    "unitName": "中国东方航空股份有限公司",
                    "businessType": "2",
                    "node": "中国东方航空股份有限公司",
                    "status":true,
                    "opration":"44"
                },{
                    "id":3,
                    "unitName": "中国东方航空股份有限公司",
                    "businessType": "3",
                    "node": "中国东方航空股份有限公司",
                    "status":false,
                    "opration":"11"
                },{
                    "id":4,
                    "unitName": "中国东方航空股份有限公司",
                    "businessType": "1",
                    "node": "中国东方航空股份有限公司",
                    "status":false,
                    "opration":"11"
                },{
                    "id":5,
                    "unitName": "中国东方航空股份有限公司",
                    "businessType": "1",
                    "node": "中国东方航空股份有限公司",
                    "status":false,
                    "opration":"11"
                },{
                    "id":6,
                    "unitName": "中国东方航空股份有限公司",
                    "businessType": "1",
                    "node": "中国东方航空股份有限公司",
                    "status":true,
                    "opration":"11"
                }
            ]
        }
    }
}